NIVW|1
providence|1
Telecom|1
vaccinestrainmeasles|1
Sanrau|1
Actu|1
rtplease|1
VaccineDamage|1
Vaxxed|1
fuckthis|1
Crossfit|1
mybad|1
lobbyist|1
Headache|1
BeAroundAnotherTime|1
NHS|1
obesity|1
JoyBaher|1
WPMOYChallenge|1
isis|1
SundayThoughts|1
rhoa|1
Immune|1
FinalsWeek|1
ShitHappens|1
VideoMTV18del18|1
SharkTank|1
Diego|1
outlander|1
fluseason|1
MeToo|1
schoolshooting|1
ZikaCareConnect|1
Magnesium|1
Vimeo|1
fuckthat|1
Chinese|1
TeamGirl|1
forstbite|1
NostalgiaChat|1
NowPlaying|1
Oscillo|1
vaccinationworks|1
id10TInChief|1
sick|1
ChhodnaMat|1
CCOT|1
UseARandomTweetAsAPickUpLine|1
DENvsSF|1
holidays|1
Migraine|1
sendhelp|1
georgiaguidestones|1
Beehive|1
Vaccination|1
featured|1
iwannaknow|1
SwineFlu|1
silverlining|1
インフル|1
Medimobile|1
ATLUTD|1
VictoryWorm|1
Eleuthero|1
etsy|1
zika|1
FluShot|1
old|1
AlexxBlanks|1
FlyEaglesFly|1
vestibularproblems|1
MinimizeASong|1
9PmRoutine|1
HandWashing|1
flutreatment|1
DallasCowboys|1
Brexit|1
kotd|1
Lapband|1
sawchip|1
SEONGHWA|1
エボラ|1
getwellsoonryeowook|1
Pets|1
outbreaks|1
CdVictoria|1
wineSunday|1
AUPFOXSports|1
OOC|1
Sagittarius|1
Breaking|1
FluFactFriday|1
Topbuzz|1
science|1
WhatIDontWantForChristmas|1
Colgate|1
impeachmentjá|1
angelicaheadaches|1
GetwellsoonRyeowook|1
handswashingdistruption|1
music|1
GIFparty|1
truth|1
WordofGod|1
LJG|1
va|1
FinalsWeek2K18|1
Do10toFightFlu|1
GreatAwakeningWorldwide|1
bye|1
TheWalkingDead|1
startups|1
dengue|1
PS4share|1
flushothero|1
yankees|1
organicfood|1
เพลงที่นานมาแล้วไม่ได้ฟัง|1
BEHERPEACE2019|1
health|1
DallasCowboy|1
Babbleboxx|1
cold|1
Ow|1
GMO|1
redburningeyes|1
Pune|1
garlic|1
WHO|1
symptom|1
bears|1
menu|1
studiosession|1
googleads|1
関連ニュース|1
TeachersRock|1
fever|1
1918flu|1
nobrainer|1
SierraLeone|1
update|1
BloodofmyBlood|1
Nostradamus|1
Truth|1
Klobuchar2020|1
no|1
DavidBerry|1
9PMRoutine|1
SoundCloud|1
firetomlin|1
AdamSchitthead|1
helpme|1
Bears|1
SeductiveSunday|1
Go4|1
Winter|1
povertycrowdfund|1
Kadiivka|1
AntibioticsWisely|1
EscuelaDeFamilias|1
Lonavala|1
Florida|1
KrogerCo|1
TheWestWing|1
Haiti|1
Butembo|1
GiletsJaunes|1
stairs|1
fluír|1
regrets|1
DeepLearning|1
drmomma|1
jeopardy|1
AnnaCross|1
英会話|1
Constipation|1
PHIvDAL|1
RHOA|1
AppleMusic|1
Dumplin|1
prize|1
YellowFever|1
weightlifting|1
headachesfordays|1
SocialMedia|1
LikeMike|1
Diarrhea|1
GoldenCupBalm|1
donosdoRJ|1
Eagles|1
News|1
WorldHealthOrganization|1
NYC|1
ajn|1
Procreate|1
IllegalAliens|1
PM568|2
Flu|2
WestNile|2
wearethepeople|2
Ryeowook|2
vaxxed|2
SuperJunior|2
Cuidado|2
Seonghwa|2
GOT7|2
migraine|2
ViendoPeliculasSurKoreanas|2
probiotics|2
RestoringTheNaturalHealthSpirit|2
MilfieClub|2
ginger|2
Elseworlds|2
FireGina|2
EBOLA|2
homeopathy|2
WhatIDontWantForXMas|2
Congo|2
ClimateChange|2
CampFire|2
ad|2
NaughtyElfOnTheShelf|2
doterra|2
ouch|2
gender|2
RWD|2
Vaccines|2
DRCongo|2
FDA|2
flushots|2
rhoc|2
Trending|2
CelebrateDiversity|2
MasterWilliam|2
STUDY|2
headache|2
PHIvsDAL|3
CommitTo|3
findom|3
Health|3
INDvAUS|3
FLUNHMRCprogram|3
CoughColdRelief|3
SundayCovers|3
TimesTop10|3
BadThingsToHideInYourPants|3
TweetLikeLai|3
Sixers|3
NBA|3
Measles|3
dogflu|3
Suns|3
TisTheSeasonFor|3
Influenza|3
Salonpas|4
FrielMyLook|4
neverforget|4
Zika|4
BitChute|4
MyChristmasPeeves|5
لقاح_الانفلونزا|5
BloodofMyBlood|5
VomitsInMouth|5
DRC|6
90DayFiance|6
Vaccine|6
measles|7
QueridosPadres|7
AMR|7
NVIC|8
NoAlPactoMigratorioONU|8
vaccines|8
Rome|8
DrunkOnLove|9
RDCvo|10
auspol|12
RDC|14
LDU|15
BloodOfMyBlood|16
WhatIDontWantForXmas|23
flu|25
Outlander|27
EnLaCumbreAnticorrupción|38
flushot|47
VaccinesWork|52
Ebola|60
